{
    "dailyBoxOfficeList": [
        {
            "rnum": "1",
            "rank": "1",
            "movieNm": "미션임파서블:고스트프로토콜",
            "openDt": "2011-12-15",
            "audiCnt": "353274",
            "audiAcc": "5328435"
        }, {
            "rnum": "2",
            "rank": "2",
            "movieNm": "마이 웨이",
            "openDt": "2011-12-21",
            "audiCnt": "153501",
            "audiAcc": "1739543"
        }, {
            "rnum": "3",
            "rank": "3",
            "movieNm": "셜록홈즈 : 그림자 게임",
            "openDt": "2011-12-21",
            "audiCnt": "153004",
            "audiAcc": "1442861"
        }, {
            "rnum": "4",
            "rank": "4",
            "movieNm": "퍼펙트 게임",
            "openDt": "2011-12-21",
            "audiCnt": "83644",
            "audiAcc": "895416"
        }, {
            "rnum": "5",
            "rank": "5",
            "movieNm": "프렌즈: 몬스터섬의비밀 ",
            "openDt": "2011-12-29",
            "audiCnt": "55092",
            "audiAcc": "202909"
        }, {
            "rnum": "6",
            "rank": "6",
            "movieNm": "라이온 킹",
            "openDt": "1994-07-02",
            "audiCnt": "45750",
            "audiAcc": "171285"
        }, {
            "rnum": "7",
            "rank": "7",
            "movieNm": "오싹한 연애",
            "openDt": "2011-12-01",
            "audiCnt": "45062",
            "audiAcc": "2823060"
        }, {
            "rnum": "8",
            "rank": "8",
            "movieNm": "극장판 포켓몬스터 베스트 위시「비크티니와 백의 영웅 레시라무」",
            "openDt": "2011-12-22",
            "audiCnt": "24202",
            "audiAcc": "285959"
        }, {
            "rnum": "9",
            "rank": "9",
            "movieNm": "앨빈과 슈퍼밴드3",
            "openDt": "2011-12-15",
            "audiCnt": "19729",
            "audiAcc": "516289"
        }, {
            "rnum": "10",
            "rank": "10",
            "movieNm": "극장판 포켓몬스터 베스트 위시 「비크티니와 흑의 영웅 제크로무」",
            "openDt": "2011-12-22",
            "audiCnt": "17817",
            "audiAcc": "235070"
        }
    ]
}